"SUBJECT","Subject","LOCATION","Country","MEASURE","Measure","FREQUENCY","Frequency","TIME","Time","Unit Code","Unit","PowerCode Code","PowerCode","Reference Period Code","Reference Period","Value","Flag Codes","Flags"
"IRLTLT01","Long-term interest rate","FRA","France","ST","Level, ratio or index","M","Monthly","2018-09","Sep-2018","PC","Percentage","0","Units",,,0.7658,,
"IRLTLT01","Long-term interest rate","FRA","France","ST","Level, ratio or index","M","Monthly","2018-10","Oct-2018","PC","Percentage","0","Units",,,0.8229,,
"IRLTLT01","Long-term interest rate","FRA","France","ST","Level, ratio or index","M","Monthly","2018-11","Nov-2018","PC","Percentage","0","Units",,,0.763,,
"IRLTLT01","Long-term interest rate","FRA","France","ST","Level, ratio or index","M","Monthly","2018-12","Dec-2018","PC","Percentage","0","Units",,,0.6984,,
"IRLTLT01","Long-term interest rate","FRA","France","ST","Level, ratio or index","M","Monthly","2019-01","Jan-2019","PC","Percentage","0","Units",,,0.6456,,
"IRLTLT01","Long-term interest rate","FRA","France","ST","Level, ratio or index","M","Monthly","2019-02","Feb-2019","PC","Percentage","0","Units",,,0.5498,,
"IRLTLT01","Long-term interest rate","FRA","France","ST","Level, ratio or index","M","Monthly","2019-03","Mar-2019","PC","Percentage","0","Units",,,0.437,,
"IRLTLT01","Long-term interest rate","FRA","France","ST","Level, ratio or index","M","Monthly","2019-04","Apr-2019","PC","Percentage","0","Units",,,0.3718,,
"IRLTLT01","Long-term interest rate","FRA","France","ST","Level, ratio or index","M","Monthly","2019-05","May-2019","PC","Percentage","0","Units",,,0.3045,,
"IRLTLT01","Long-term interest rate","FRA","France","ST","Level, ratio or index","M","Monthly","2019-06","Jun-2019","PC","Percentage","0","Units",,,0.0791,,
"IRLTLT01","Long-term interest rate","FRA","France","ST","Level, ratio or index","M","Monthly","2019-07","Jul-2019","PC","Percentage","0","Units",,,-0.069,,
"IRLTLT01","Long-term interest rate","FRA","France","ST","Level, ratio or index","M","Monthly","2019-08","Aug-2019","PC","Percentage","0","Units",,,-0.3391,,
"IRLTLT01","Long-term interest rate","FRA","France","ST","Level, ratio or index","M","Monthly","2019-09","Sep-2019","PC","Percentage","0","Units",,,-0.2757,,
"IRLTLT01","Long-term interest rate","FRA","France","ST","Level, ratio or index","M","Monthly","2019-10","Oct-2019","PC","Percentage","0","Units",,,-0.1574,,
"IRLTLT01","Long-term interest rate","FRA","France","ST","Level, ratio or index","M","Monthly","2019-11","Nov-2019","PC","Percentage","0","Units",,,-0.0204,,
"IRLTLT01","Long-term interest rate","FRA","France","ST","Level, ratio or index","M","Monthly","2019-12","Dec-2019","PC","Percentage","0","Units",,,0.0362,,
"IRLTLT01","Long-term interest rate","FRA","France","ST","Level, ratio or index","M","Monthly","2020-01","Jan-2020","PC","Percentage","0","Units",,,-0.007,,
"IRLTLT01","Long-term interest rate","FRA","France","ST","Level, ratio or index","M","Monthly","2020-02","Feb-2020","PC","Percentage","0","Units",,,-0.1772,,
"IRLTLT01","Long-term interest rate","FRA","France","ST","Level, ratio or index","M","Monthly","2020-03","Mar-2020","PC","Percentage","0","Units",,,-0.0584,,
"IRLTLT01","Long-term interest rate","FRA","France","ST","Level, ratio or index","M","Monthly","2020-04","Apr-2020","PC","Percentage","0","Units",,,0.0578,,
"IRLTLT01","Long-term interest rate","FRA","France","ST","Level, ratio or index","M","Monthly","2020-05","May-2020","PC","Percentage","0","Units",,,-0.0301,,
"IRLTLT01","Long-term interest rate","FRA","France","ST","Level, ratio or index","M","Monthly","2020-06","Jun-2020","PC","Percentage","0","Units",,,-0.044,,
"IRLTLT01","Long-term interest rate","FRA","France","ST","Level, ratio or index","M","Monthly","2020-07","Jul-2020","PC","Percentage","0","Units",,,-0.1478,,
"IRLTLT01","Long-term interest rate","FRA","France","ST","Level, ratio or index","M","Monthly","2020-08","Aug-2020","PC","Percentage","0","Units",,,-0.1713,,
"IRLTLT01","Long-term interest rate","FRA","France","ST","Level, ratio or index","M","Monthly","2020-09","Sep-2020","PC","Percentage","0","Units",,,-0.2072,,
"IRLTLT01","Long-term interest rate","FRA","France","ST","Level, ratio or index","M","Monthly","2020-10","Oct-2020","PC","Percentage","0","Units",,,-0.2966,,
"IRLTLT01","Long-term interest rate","FRA","France","ST","Level, ratio or index","M","Monthly","2020-11","Nov-2020","PC","Percentage","0","Units",,,-0.3262,,
"IRLTLT01","Long-term interest rate","FRA","France","ST","Level, ratio or index","M","Monthly","2020-12","Dec-2020","PC","Percentage","0","Units",,,-0.3352,,
"IRLTLT01","Long-term interest rate","FRA","France","ST","Level, ratio or index","M","Monthly","2021-01","Jan-2021","PC","Percentage","0","Units",,,-0.3052,,
"IRLTLT01","Long-term interest rate","FRA","France","ST","Level, ratio or index","M","Monthly","2021-02","Feb-2021","PC","Percentage","0","Units",,,-0.1504,,
"IRLTLT01","Long-term interest rate","FRA","France","ST","Level, ratio or index","M","Monthly","2021-03","Mar-2021","PC","Percentage","0","Units",,,-0.0701,,
"IRLTLT01","Long-term interest rate","FRA","France","ST","Level, ratio or index","M","Monthly","2021-04","Apr-2021","PC","Percentage","0","Units",,,-0.0056,,
"IRLTLT01","Long-term interest rate","FRA","France","ST","Level, ratio or index","M","Monthly","2021-05","May-2021","PC","Percentage","0","Units",,,0.2068,,
"IRLTLT01","Long-term interest rate","FRA","France","ST","Level, ratio or index","M","Monthly","2021-06","Jun-2021","PC","Percentage","0","Units",,,0.153,,
"IRLTLT01","Long-term interest rate","DEU","Germany","ST","Level, ratio or index","M","Monthly","2018-09","Sep-2018","PC","Percentage","0","Units",,,0.3705,,
"IRLTLT01","Long-term interest rate","DEU","Germany","ST","Level, ratio or index","M","Monthly","2018-10","Oct-2018","PC","Percentage","0","Units",,,0.399090909,,
"IRLTLT01","Long-term interest rate","DEU","Germany","ST","Level, ratio or index","M","Monthly","2018-11","Nov-2018","PC","Percentage","0","Units",,,0.314090909,,
"IRLTLT01","Long-term interest rate","DEU","Germany","ST","Level, ratio or index","M","Monthly","2018-12","Dec-2018","PC","Percentage","0","Units",,,0.187058824,,
"IRLTLT01","Long-term interest rate","DEU","Germany","ST","Level, ratio or index","M","Monthly","2019-01","Jan-2019","PC","Percentage","0","Units",,,0.132727273,,
"IRLTLT01","Long-term interest rate","DEU","Germany","ST","Level, ratio or index","M","Monthly","2019-02","Feb-2019","PC","Percentage","0","Units",,,0.0555,,
"IRLTLT01","Long-term interest rate","DEU","Germany","ST","Level, ratio or index","M","Monthly","2019-03","Mar-2019","PC","Percentage","0","Units",,,0.010952381,,
"IRLTLT01","Long-term interest rate","DEU","Germany","ST","Level, ratio or index","M","Monthly","2019-04","Apr-2019","PC","Percentage","0","Units",,,-0.0395,,
"IRLTLT01","Long-term interest rate","DEU","Germany","ST","Level, ratio or index","M","Monthly","2019-05","May-2019","PC","Percentage","0","Units",,,-0.134545455,,
"IRLTLT01","Long-term interest rate","DEU","Germany","ST","Level, ratio or index","M","Monthly","2019-06","Jun-2019","PC","Percentage","0","Units",,,-0.315263158,,
"IRLTLT01","Long-term interest rate","DEU","Germany","ST","Level, ratio or index","M","Monthly","2019-07","Jul-2019","PC","Percentage","0","Units",,,-0.38826087,,
"IRLTLT01","Long-term interest rate","DEU","Germany","ST","Level, ratio or index","M","Monthly","2019-08","Aug-2019","PC","Percentage","0","Units",,,-0.649090909,,
"IRLTLT01","Long-term interest rate","DEU","Germany","ST","Level, ratio or index","M","Monthly","2019-09","Sep-2019","PC","Percentage","0","Units",,,-0.594761905,,
"IRLTLT01","Long-term interest rate","DEU","Germany","ST","Level, ratio or index","M","Monthly","2019-10","Oct-2019","PC","Percentage","0","Units",,,-0.469545455,,
"IRLTLT01","Long-term interest rate","DEU","Germany","ST","Level, ratio or index","M","Monthly","2019-11","Nov-2019","PC","Percentage","0","Units",,,-0.352380952,,
"IRLTLT01","Long-term interest rate","DEU","Germany","ST","Level, ratio or index","M","Monthly","2019-12","Dec-2019","PC","Percentage","0","Units",,,-0.299444444,,
"IRLTLT01","Long-term interest rate","DEU","Germany","ST","Level, ratio or index","M","Monthly","2020-01","Jan-2020","PC","Percentage","0","Units",,,-0.313636364,,
"IRLTLT01","Long-term interest rate","DEU","Germany","ST","Level, ratio or index","M","Monthly","2020-02","Feb-2020","PC","Percentage","0","Units",,,-0.466,,
"IRLTLT01","Long-term interest rate","DEU","Germany","ST","Level, ratio or index","M","Monthly","2020-03","Mar-2020","PC","Percentage","0","Units",,,-0.541818182,,
"IRLTLT01","Long-term interest rate","DEU","Germany","ST","Level, ratio or index","M","Monthly","2020-04","Apr-2020","PC","Percentage","0","Units",,,-0.4495,,
"IRLTLT01","Long-term interest rate","DEU","Germany","ST","Level, ratio or index","M","Monthly","2020-05","May-2020","PC","Percentage","0","Units",,,-0.5165,,
"IRLTLT01","Long-term interest rate","DEU","Germany","ST","Level, ratio or index","M","Monthly","2020-06","Jun-2020","PC","Percentage","0","Units",,,-0.434285714,,
"IRLTLT01","Long-term interest rate","DEU","Germany","ST","Level, ratio or index","M","Monthly","2020-07","Jul-2020","PC","Percentage","0","Units",,,-0.523043478,,
"IRLTLT01","Long-term interest rate","DEU","Germany","ST","Level, ratio or index","M","Monthly","2020-08","Aug-2020","PC","Percentage","0","Units",,,-0.523333333,,
"IRLTLT01","Long-term interest rate","DEU","Germany","ST","Level, ratio or index","M","Monthly","2020-09","Sep-2020","PC","Percentage","0","Units",,,-0.524545455,,
"IRLTLT01","Long-term interest rate","DEU","Germany","ST","Level, ratio or index","M","Monthly","2020-10","Oct-2020","PC","Percentage","0","Units",,,-0.607272727,,
"IRLTLT01","Long-term interest rate","DEU","Germany","ST","Level, ratio or index","M","Monthly","2020-11","Nov-2020","PC","Percentage","0","Units",,,-0.615238095,,
"IRLTLT01","Long-term interest rate","DEU","Germany","ST","Level, ratio or index","M","Monthly","2020-12","Dec-2020","PC","Percentage","0","Units",,,-0.619,,
"IRLTLT01","Long-term interest rate","DEU","Germany","ST","Level, ratio or index","M","Monthly","2021-01","Jan-2021","PC","Percentage","0","Units",,,-0.5835,,
"IRLTLT01","Long-term interest rate","DEU","Germany","ST","Level, ratio or index","M","Monthly","2021-02","Feb-2021","PC","Percentage","0","Units",,,-0.4455,,
"IRLTLT01","Long-term interest rate","DEU","Germany","ST","Level, ratio or index","M","Monthly","2021-03","Mar-2021","PC","Percentage","0","Units",,,-0.364782609,,
"IRLTLT01","Long-term interest rate","DEU","Germany","ST","Level, ratio or index","M","Monthly","2021-04","Apr-2021","PC","Percentage","0","Units",,,-0.325,,
"IRLTLT01","Long-term interest rate","DEU","Germany","ST","Level, ratio or index","M","Monthly","2021-05","May-2021","PC","Percentage","0","Units",,,-0.2235,,
"IRLTLT01","Long-term interest rate","DEU","Germany","ST","Level, ratio or index","M","Monthly","2021-06","Jun-2021","PC","Percentage","0","Units",,,-0.288636364,,
"IRLTLT01","Long-term interest rate","JPN","Japan","ST","Level, ratio or index","M","Monthly","2018-09","Sep-2018","PC","Percentage","0","Units",,,0.125,,
"IRLTLT01","Long-term interest rate","JPN","Japan","ST","Level, ratio or index","M","Monthly","2018-10","Oct-2018","PC","Percentage","0","Units",,,0.13,,
"IRLTLT01","Long-term interest rate","JPN","Japan","ST","Level, ratio or index","M","Monthly","2018-11","Nov-2018","PC","Percentage","0","Units",,,0.085,,
"IRLTLT01","Long-term interest rate","JPN","Japan","ST","Level, ratio or index","M","Monthly","2018-12","Dec-2018","PC","Percentage","0","Units",,,-0.01,,
"IRLTLT01","Long-term interest rate","JPN","Japan","ST","Level, ratio or index","M","Monthly","2019-01","Jan-2019","PC","Percentage","0","Units",,,0,,
"IRLTLT01","Long-term interest rate","JPN","Japan","ST","Level, ratio or index","M","Monthly","2019-02","Feb-2019","PC","Percentage","0","Units",,,-0.015,,
"IRLTLT01","Long-term interest rate","JPN","Japan","ST","Level, ratio or index","M","Monthly","2019-03","Mar-2019","PC","Percentage","0","Units",,,-0.095,,
"IRLTLT01","Long-term interest rate","JPN","Japan","ST","Level, ratio or index","M","Monthly","2019-04","Apr-2019","PC","Percentage","0","Units",,,-0.045,,
"IRLTLT01","Long-term interest rate","JPN","Japan","ST","Level, ratio or index","M","Monthly","2019-05","May-2019","PC","Percentage","0","Units",,,-0.095,,
"IRLTLT01","Long-term interest rate","JPN","Japan","ST","Level, ratio or index","M","Monthly","2019-06","Jun-2019","PC","Percentage","0","Units",,,-0.165,,
"IRLTLT01","Long-term interest rate","JPN","Japan","ST","Level, ratio or index","M","Monthly","2019-07","Jul-2019","PC","Percentage","0","Units",,,-0.16,,
"IRLTLT01","Long-term interest rate","JPN","Japan","ST","Level, ratio or index","M","Monthly","2019-08","Aug-2019","PC","Percentage","0","Units",,,-0.28,,
"IRLTLT01","Long-term interest rate","JPN","Japan","ST","Level, ratio or index","M","Monthly","2019-09","Sep-2019","PC","Percentage","0","Units",,,-0.215,,
"IRLTLT01","Long-term interest rate","JPN","Japan","ST","Level, ratio or index","M","Monthly","2019-10","Oct-2019","PC","Percentage","0","Units",,,-0.15,,
"IRLTLT01","Long-term interest rate","JPN","Japan","ST","Level, ratio or index","M","Monthly","2019-11","Nov-2019","PC","Percentage","0","Units",,,-0.08,,
"IRLTLT01","Long-term interest rate","JPN","Japan","ST","Level, ratio or index","M","Monthly","2019-12","Dec-2019","PC","Percentage","0","Units",,,-0.025,,
"IRLTLT01","Long-term interest rate","JPN","Japan","ST","Level, ratio or index","M","Monthly","2020-01","Jan-2020","PC","Percentage","0","Units",,,-0.065,,
"IRLTLT01","Long-term interest rate","JPN","Japan","ST","Level, ratio or index","M","Monthly","2020-02","Feb-2020","PC","Percentage","0","Units",,,-0.155,,
"IRLTLT01","Long-term interest rate","JPN","Japan","ST","Level, ratio or index","M","Monthly","2020-03","Mar-2020","PC","Percentage","0","Units",,,0.005,,
"IRLTLT01","Long-term interest rate","JPN","Japan","ST","Level, ratio or index","M","Monthly","2020-04","Apr-2020","PC","Percentage","0","Units",,,-0.04,,
"IRLTLT01","Long-term interest rate","JPN","Japan","ST","Level, ratio or index","M","Monthly","2020-05","May-2020","PC","Percentage","0","Units",,,0,,
"IRLTLT01","Long-term interest rate","JPN","Japan","ST","Level, ratio or index","M","Monthly","2020-06","Jun-2020","PC","Percentage","0","Units",,,0.03,,
"IRLTLT01","Long-term interest rate","JPN","Japan","ST","Level, ratio or index","M","Monthly","2020-07","Jul-2020","PC","Percentage","0","Units",,,0.01,,
"IRLTLT01","Long-term interest rate","JPN","Japan","ST","Level, ratio or index","M","Monthly","2020-08","Aug-2020","PC","Percentage","0","Units",,,0.045,,
"IRLTLT01","Long-term interest rate","JPN","Japan","ST","Level, ratio or index","M","Monthly","2020-09","Sep-2020","PC","Percentage","0","Units",,,0.015,,
"IRLTLT01","Long-term interest rate","JPN","Japan","ST","Level, ratio or index","M","Monthly","2020-10","Oct-2020","PC","Percentage","0","Units",,,0.04,,
"IRLTLT01","Long-term interest rate","JPN","Japan","ST","Level, ratio or index","M","Monthly","2020-11","Nov-2020","PC","Percentage","0","Units",,,0.03,,
"IRLTLT01","Long-term interest rate","JPN","Japan","ST","Level, ratio or index","M","Monthly","2020-12","Dec-2020","PC","Percentage","0","Units",,,0.02,,
"IRLTLT01","Long-term interest rate","JPN","Japan","ST","Level, ratio or index","M","Monthly","2021-01","Jan-2021","PC","Percentage","0","Units",,,0.055,,
"IRLTLT01","Long-term interest rate","JPN","Japan","ST","Level, ratio or index","M","Monthly","2021-02","Feb-2021","PC","Percentage","0","Units",,,0.15,,
"IRLTLT01","Long-term interest rate","JPN","Japan","ST","Level, ratio or index","M","Monthly","2021-03","Mar-2021","PC","Percentage","0","Units",,,0.12,,
"IRLTLT01","Long-term interest rate","JPN","Japan","ST","Level, ratio or index","M","Monthly","2021-04","Apr-2021","PC","Percentage","0","Units",,,0.09,,
"IRLTLT01","Long-term interest rate","JPN","Japan","ST","Level, ratio or index","M","Monthly","2021-05","May-2021","PC","Percentage","0","Units",,,0.08,,
"IRLTLT01","Long-term interest rate","JPN","Japan","ST","Level, ratio or index","M","Monthly","2021-06","Jun-2021","PC","Percentage","0","Units",,,0.05,,
"IRLTLT01","Long-term interest rate","GBR","United Kingdom","ST","Level, ratio or index","M","Monthly","2018-09","Sep-2018","PC","Percentage","0","Units",,,1.5023,,
"IRLTLT01","Long-term interest rate","GBR","United Kingdom","ST","Level, ratio or index","M","Monthly","2018-10","Oct-2018","PC","Percentage","0","Units",,,1.5462,,
"IRLTLT01","Long-term interest rate","GBR","United Kingdom","ST","Level, ratio or index","M","Monthly","2018-11","Nov-2018","PC","Percentage","0","Units",,,1.4541,,
"IRLTLT01","Long-term interest rate","GBR","United Kingdom","ST","Level, ratio or index","M","Monthly","2018-12","Dec-2018","PC","Percentage","0","Units",,,1.3125,,
"IRLTLT01","Long-term interest rate","GBR","United Kingdom","ST","Level, ratio or index","M","Monthly","2019-01","Jan-2019","PC","Percentage","0","Units",,,1.3221,,
"IRLTLT01","Long-term interest rate","GBR","United Kingdom","ST","Level, ratio or index","M","Monthly","2019-02","Feb-2019","PC","Percentage","0","Units",,,1.239,,
"IRLTLT01","Long-term interest rate","GBR","United Kingdom","ST","Level, ratio or index","M","Monthly","2019-03","Mar-2019","PC","Percentage","0","Units",,,1.19,,
"IRLTLT01","Long-term interest rate","GBR","United Kingdom","ST","Level, ratio or index","M","Monthly","2019-04","Apr-2019","PC","Percentage","0","Units",,,1.1906,,
"IRLTLT01","Long-term interest rate","GBR","United Kingdom","ST","Level, ratio or index","M","Monthly","2019-05","May-2019","PC","Percentage","0","Units",,,1.13,,
"IRLTLT01","Long-term interest rate","GBR","United Kingdom","ST","Level, ratio or index","M","Monthly","2019-06","Jun-2019","PC","Percentage","0","Units",,,0.919,,
"IRLTLT01","Long-term interest rate","GBR","United Kingdom","ST","Level, ratio or index","M","Monthly","2019-07","Jul-2019","PC","Percentage","0","Units",,,0.8304,,
"IRLTLT01","Long-term interest rate","GBR","United Kingdom","ST","Level, ratio or index","M","Monthly","2019-08","Aug-2019","PC","Percentage","0","Units",,,0.5776,,
"IRLTLT01","Long-term interest rate","GBR","United Kingdom","ST","Level, ratio or index","M","Monthly","2019-09","Sep-2019","PC","Percentage","0","Units",,,0.5981,,
"IRLTLT01","Long-term interest rate","GBR","United Kingdom","ST","Level, ratio or index","M","Monthly","2019-10","Oct-2019","PC","Percentage","0","Units",,,0.6373,,
"IRLTLT01","Long-term interest rate","GBR","United Kingdom","ST","Level, ratio or index","M","Monthly","2019-11","Nov-2019","PC","Percentage","0","Units",,,0.765,,
"IRLTLT01","Long-term interest rate","GBR","United Kingdom","ST","Level, ratio or index","M","Monthly","2019-12","Dec-2019","PC","Percentage","0","Units",,,0.8308,,
"IRLTLT01","Long-term interest rate","GBR","United Kingdom","ST","Level, ratio or index","M","Monthly","2020-01","Jan-2020","PC","Percentage","0","Units",,,0.7235,,
"IRLTLT01","Long-term interest rate","GBR","United Kingdom","ST","Level, ratio or index","M","Monthly","2020-02","Feb-2020","PC","Percentage","0","Units",,,0.633,,
"IRLTLT01","Long-term interest rate","GBR","United Kingdom","ST","Level, ratio or index","M","Monthly","2020-03","Mar-2020","PC","Percentage","0","Units",,,0.4609,,
"IRLTLT01","Long-term interest rate","GBR","United Kingdom","ST","Level, ratio or index","M","Monthly","2020-04","Apr-2020","PC","Percentage","0","Units",,,0.3577,,
"IRLTLT01","Long-term interest rate","GBR","United Kingdom","ST","Level, ratio or index","M","Monthly","2020-05","May-2020","PC","Percentage","0","Units",,,0.2743,,
"IRLTLT01","Long-term interest rate","GBR","United Kingdom","ST","Level, ratio or index","M","Monthly","2020-06","Jun-2020","PC","Percentage","0","Units",,,0.278,,
"IRLTLT01","Long-term interest rate","GBR","United Kingdom","ST","Level, ratio or index","M","Monthly","2020-07","Jul-2020","PC","Percentage","0","Units",,,0.2094,,
"IRLTLT01","Long-term interest rate","GBR","United Kingdom","ST","Level, ratio or index","M","Monthly","2020-08","Aug-2020","PC","Percentage","0","Units",,,0.2717,,
"IRLTLT01","Long-term interest rate","GBR","United Kingdom","ST","Level, ratio or index","M","Monthly","2020-09","Sep-2020","PC","Percentage","0","Units",,,0.273,,
"IRLTLT01","Long-term interest rate","GBR","United Kingdom","ST","Level, ratio or index","M","Monthly","2020-10","Oct-2020","PC","Percentage","0","Units",,,0.3058,,
"IRLTLT01","Long-term interest rate","GBR","United Kingdom","ST","Level, ratio or index","M","Monthly","2020-11","Nov-2020","PC","Percentage","0","Units",,,0.3836,,
"IRLTLT01","Long-term interest rate","GBR","United Kingdom","ST","Level, ratio or index","M","Monthly","2020-12","Dec-2020","PC","Percentage","0","Units",,,0.3224,,
"IRLTLT01","Long-term interest rate","GBR","United Kingdom","ST","Level, ratio or index","M","Monthly","2021-01","Jan-2021","PC","Percentage","0","Units",,,0.3672,,
"IRLTLT01","Long-term interest rate","GBR","United Kingdom","ST","Level, ratio or index","M","Monthly","2021-02","Feb-2021","PC","Percentage","0","Units",,,0.6222,,
"IRLTLT01","Long-term interest rate","GBR","United Kingdom","ST","Level, ratio or index","M","Monthly","2021-03","Mar-2021","PC","Percentage","0","Units",,,0.8456,,
"IRLTLT01","Long-term interest rate","GBR","United Kingdom","ST","Level, ratio or index","M","Monthly","2021-04","Apr-2021","PC","Percentage","0","Units",,,0.8515,,
"IRLTLT01","Long-term interest rate","GBR","United Kingdom","ST","Level, ratio or index","M","Monthly","2021-05","May-2021","PC","Percentage","0","Units",,,0.9058,,
"IRLTLT01","Long-term interest rate","GBR","United Kingdom","ST","Level, ratio or index","M","Monthly","2021-06","Jun-2021","PC","Percentage","0","Units",,,0.8549,,
"IRLTLT01","Long-term interest rate","USA","United States","ST","Level, ratio or index","M","Monthly","2018-09","Sep-2018","PC","Percentage","0","Units",,,3,,
"IRLTLT01","Long-term interest rate","USA","United States","ST","Level, ratio or index","M","Monthly","2018-10","Oct-2018","PC","Percentage","0","Units",,,3.15,,
"IRLTLT01","Long-term interest rate","USA","United States","ST","Level, ratio or index","M","Monthly","2018-11","Nov-2018","PC","Percentage","0","Units",,,3.12,,
"IRLTLT01","Long-term interest rate","USA","United States","ST","Level, ratio or index","M","Monthly","2018-12","Dec-2018","PC","Percentage","0","Units",,,2.83,,
"IRLTLT01","Long-term interest rate","USA","United States","ST","Level, ratio or index","M","Monthly","2019-01","Jan-2019","PC","Percentage","0","Units",,,2.71,,
"IRLTLT01","Long-term interest rate","USA","United States","ST","Level, ratio or index","M","Monthly","2019-02","Feb-2019","PC","Percentage","0","Units",,,2.68,,
"IRLTLT01","Long-term interest rate","USA","United States","ST","Level, ratio or index","M","Monthly","2019-03","Mar-2019","PC","Percentage","0","Units",,,2.57,,
"IRLTLT01","Long-term interest rate","USA","United States","ST","Level, ratio or index","M","Monthly","2019-04","Apr-2019","PC","Percentage","0","Units",,,2.53,,
"IRLTLT01","Long-term interest rate","USA","United States","ST","Level, ratio or index","M","Monthly","2019-05","May-2019","PC","Percentage","0","Units",,,2.4,,
"IRLTLT01","Long-term interest rate","USA","United States","ST","Level, ratio or index","M","Monthly","2019-06","Jun-2019","PC","Percentage","0","Units",,,2.07,,
"IRLTLT01","Long-term interest rate","USA","United States","ST","Level, ratio or index","M","Monthly","2019-07","Jul-2019","PC","Percentage","0","Units",,,2.06,,
"IRLTLT01","Long-term interest rate","USA","United States","ST","Level, ratio or index","M","Monthly","2019-08","Aug-2019","PC","Percentage","0","Units",,,1.63,,
"IRLTLT01","Long-term interest rate","USA","United States","ST","Level, ratio or index","M","Monthly","2019-09","Sep-2019","PC","Percentage","0","Units",,,1.7,,
"IRLTLT01","Long-term interest rate","USA","United States","ST","Level, ratio or index","M","Monthly","2019-10","Oct-2019","PC","Percentage","0","Units",,,1.71,,
"IRLTLT01","Long-term interest rate","USA","United States","ST","Level, ratio or index","M","Monthly","2019-11","Nov-2019","PC","Percentage","0","Units",,,1.81,,
"IRLTLT01","Long-term interest rate","USA","United States","ST","Level, ratio or index","M","Monthly","2019-12","Dec-2019","PC","Percentage","0","Units",,,1.86,,
"IRLTLT01","Long-term interest rate","USA","United States","ST","Level, ratio or index","M","Monthly","2020-01","Jan-2020","PC","Percentage","0","Units",,,1.76,,
"IRLTLT01","Long-term interest rate","USA","United States","ST","Level, ratio or index","M","Monthly","2020-02","Feb-2020","PC","Percentage","0","Units",,,1.5,,
"IRLTLT01","Long-term interest rate","USA","United States","ST","Level, ratio or index","M","Monthly","2020-03","Mar-2020","PC","Percentage","0","Units",,,0.87,,
"IRLTLT01","Long-term interest rate","USA","United States","ST","Level, ratio or index","M","Monthly","2020-04","Apr-2020","PC","Percentage","0","Units",,,0.66,,
"IRLTLT01","Long-term interest rate","USA","United States","ST","Level, ratio or index","M","Monthly","2020-05","May-2020","PC","Percentage","0","Units",,,0.67,,
"IRLTLT01","Long-term interest rate","USA","United States","ST","Level, ratio or index","M","Monthly","2020-06","Jun-2020","PC","Percentage","0","Units",,,0.73,,
"IRLTLT01","Long-term interest rate","USA","United States","ST","Level, ratio or index","M","Monthly","2020-07","Jul-2020","PC","Percentage","0","Units",,,0.62,,
"IRLTLT01","Long-term interest rate","USA","United States","ST","Level, ratio or index","M","Monthly","2020-08","Aug-2020","PC","Percentage","0","Units",,,0.65,,
"IRLTLT01","Long-term interest rate","USA","United States","ST","Level, ratio or index","M","Monthly","2020-09","Sep-2020","PC","Percentage","0","Units",,,0.68,,
"IRLTLT01","Long-term interest rate","USA","United States","ST","Level, ratio or index","M","Monthly","2020-10","Oct-2020","PC","Percentage","0","Units",,,0.79,,
"IRLTLT01","Long-term interest rate","USA","United States","ST","Level, ratio or index","M","Monthly","2020-11","Nov-2020","PC","Percentage","0","Units",,,0.87,,
"IRLTLT01","Long-term interest rate","USA","United States","ST","Level, ratio or index","M","Monthly","2020-12","Dec-2020","PC","Percentage","0","Units",,,0.93,,
"IRLTLT01","Long-term interest rate","USA","United States","ST","Level, ratio or index","M","Monthly","2021-01","Jan-2021","PC","Percentage","0","Units",,,1.08,,
"IRLTLT01","Long-term interest rate","USA","United States","ST","Level, ratio or index","M","Monthly","2021-02","Feb-2021","PC","Percentage","0","Units",,,1.26,,
"IRLTLT01","Long-term interest rate","USA","United States","ST","Level, ratio or index","M","Monthly","2021-03","Mar-2021","PC","Percentage","0","Units",,,1.61,,
"IRLTLT01","Long-term interest rate","USA","United States","ST","Level, ratio or index","M","Monthly","2021-04","Apr-2021","PC","Percentage","0","Units",,,1.64,,
"IRLTLT01","Long-term interest rate","USA","United States","ST","Level, ratio or index","M","Monthly","2021-05","May-2021","PC","Percentage","0","Units",,,1.62,,
"IRLTLT01","Long-term interest rate","USA","United States","ST","Level, ratio or index","M","Monthly","2021-06","Jun-2021","PC","Percentage","0","Units",,,1.52,,
"IRLTLT01","Long-term interest rate","IND","India","ST","Level, ratio or index","M","Monthly","2018-09","Sep-2018","PC","Percentage","0","Units",,,8.02,,
"IRLTLT01","Long-term interest rate","IND","India","ST","Level, ratio or index","M","Monthly","2018-10","Oct-2018","PC","Percentage","0","Units",,,7.925,,
"IRLTLT01","Long-term interest rate","IND","India","ST","Level, ratio or index","M","Monthly","2018-11","Nov-2018","PC","Percentage","0","Units",,,7.782,,
"IRLTLT01","Long-term interest rate","IND","India","ST","Level, ratio or index","M","Monthly","2018-12","Dec-2018","PC","Percentage","0","Units",,,7.3725,,
"IRLTLT01","Long-term interest rate","IND","India","ST","Level, ratio or index","M","Monthly","2019-01","Jan-2019","PC","Percentage","0","Units",,,7.3475,,
"IRLTLT01","Long-term interest rate","IND","India","ST","Level, ratio or index","M","Monthly","2019-02","Feb-2019","PC","Percentage","0","Units",,,7.43,,
"IRLTLT01","Long-term interest rate","IND","India","ST","Level, ratio or index","M","Monthly","2019-03","Mar-2019","PC","Percentage","0","Units",,,7.346,,
"IRLTLT01","Long-term interest rate","IND","India","ST","Level, ratio or index","M","Monthly","2019-04","Apr-2019","PC","Percentage","0","Units",,,7.4225,,
"IRLTLT01","Long-term interest rate","IND","India","ST","Level, ratio or index","M","Monthly","2019-05","May-2019","PC","Percentage","0","Units",,,7.33,,
"IRLTLT01","Long-term interest rate","IND","India","ST","Level, ratio or index","M","Monthly","2019-06","Jun-2019","PC","Percentage","0","Units",,,6.97,,
"IRLTLT01","Long-term interest rate","IND","India","ST","Level, ratio or index","M","Monthly","2019-07","Jul-2019","PC","Percentage","0","Units",,,6.6,,
"IRLTLT01","Long-term interest rate","IND","India","ST","Level, ratio or index","M","Monthly","2019-08","Aug-2019","PC","Percentage","0","Units",,,6.62,,
"IRLTLT01","Long-term interest rate","IND","India","ST","Level, ratio or index","M","Monthly","2019-09","Sep-2019","PC","Percentage","0","Units",,,6.82,,
"IRLTLT01","Long-term interest rate","IND","India","ST","Level, ratio or index","M","Monthly","2019-10","Oct-2019","PC","Percentage","0","Units",,,6.54,,
"IRLTLT01","Long-term interest rate","IND","India","ST","Level, ratio or index","M","Monthly","2019-11","Nov-2019","PC","Percentage","0","Units",,,6.64,,
"IRLTLT01","Long-term interest rate","IND","India","ST","Level, ratio or index","M","Monthly","2019-12","Dec-2019","PC","Percentage","0","Units",,,6.85,,
"IRLTLT01","Long-term interest rate","IND","India","ST","Level, ratio or index","M","Monthly","2020-01","Jan-2020","PC","Percentage","0","Units",,,6.82,,
"IRLTLT01","Long-term interest rate","IND","India","ST","Level, ratio or index","M","Monthly","2020-02","Feb-2020","PC","Percentage","0","Units",,,6.66,,
"IRLTLT01","Long-term interest rate","IND","India","ST","Level, ratio or index","M","Monthly","2020-03","Mar-2020","PC","Percentage","0","Units",,,6.37,,
"IRLTLT01","Long-term interest rate","IND","India","ST","Level, ratio or index","M","Monthly","2020-04","Apr-2020","PC","Percentage","0","Units",,,6.68,,
"IRLTLT01","Long-term interest rate","IND","India","ST","Level, ratio or index","M","Monthly","2020-05","May-2020","PC","Percentage","0","Units",,,5.92,,
"IRLTLT01","Long-term interest rate","IND","India","ST","Level, ratio or index","M","Monthly","2020-06","Jun-2020","PC","Percentage","0","Units",,,5.86,,
"IRLTLT01","Long-term interest rate","IND","India","ST","Level, ratio or index","M","Monthly","2020-07","Jul-2020","PC","Percentage","0","Units",,,5.81,,
"IRLTLT01","Long-term interest rate","IND","India","ST","Level, ratio or index","M","Monthly","2020-08","Aug-2020","PC","Percentage","0","Units",,,6.01,,
"IRLTLT01","Long-term interest rate","IND","India","ST","Level, ratio or index","M","Monthly","2020-09","Sep-2020","PC","Percentage","0","Units",,,6.03,,
"IRLTLT01","Long-term interest rate","IND","India","ST","Level, ratio or index","M","Monthly","2020-10","Oct-2020","PC","Percentage","0","Units",,,5.95,,
"IRLTLT01","Long-term interest rate","IND","India","ST","Level, ratio or index","M","Monthly","2020-11","Nov-2020","PC","Percentage","0","Units",,,5.89,,
"IRLTLT01","Long-term interest rate","IND","India","ST","Level, ratio or index","M","Monthly","2020-12","Dec-2020","PC","Percentage","0","Units",,,5.89,,
"IRLTLT01","Long-term interest rate","IND","India","ST","Level, ratio or index","M","Monthly","2021-01","Jan-2021","PC","Percentage","0","Units",,,5.94,,
"IRLTLT01","Long-term interest rate","IND","India","ST","Level, ratio or index","M","Monthly","2021-02","Feb-2021","PC","Percentage","0","Units",,,6.2,,
"IRLTLT01","Long-term interest rate","IND","India","ST","Level, ratio or index","M","Monthly","2021-03","Mar-2021","PC","Percentage","0","Units",,,6.35,,
"IRLTLT01","Long-term interest rate","IND","India","ST","Level, ratio or index","M","Monthly","2021-04","Apr-2021","PC","Percentage","0","Units",,,6.28,,
"IRLTLT01","Long-term interest rate","IND","India","ST","Level, ratio or index","M","Monthly","2021-05","May-2021","PC","Percentage","0","Units",,,6.23,,
